id,ts_epoch,joint_1,joint_2,joint_3,joint_4,joint_5,joint_6,x,y,z,w,p,r,recorded_at,ingested_at,device_id,session_id
1,123456.789,1.1,2.2,3.3,4.4,5.5,6.6,10,20,30,0.1,0.2,0.3,1761686793.8035827,1761686793.8748074,2,5
2,123456.789,1.1,2.2,3.3,4.4,5.5,6.6,10,20,30,0.1,0.2,0.3,1761687112.3229842,1761687112.372467,2,5
3,1730116800,1.1,2.2,3.3,4.4,5.5,6.6,10,20,30,0.1,0.2,0.3,1761771134.2871828,1761771134.304082,2,17
4,1730116800,1.1,2.2,3.3,4.4,5.5,6.6,10,20,30,0.1,0.2,0.3,1761829703.1914048,1761829703.2045288,2,19
5,1730116800,1.1,2.2,3.3,4.4,5.5,6.6,10,20,30,0.1,0.2,0.3,1761829946.453178,1761829946.4590616,2,19
